id,recipe_id,name,kcal,protein,fat,carbohydrates,sugars,sodium,cholesterol,saturated_fat
1,1,가오리콩나물찜,174,16.08,5.04,21,4.14,666,24.78,0.9
2,2,가자미구이,246,37.4,10.04,1.32,0,630,168.66,1.64
3,3,가자미전,231,25.755,11.07,6.915,0.3,819,176.265,2.25
4,4,가자미조림,297,37.11,7.11,21.51,10.5,1692,227.97,1.29
5,5,가지나물,32.5,1.378,1.105,4.966,2.392,283.4,0,0.182
6,6,가지볶음,21,0.54,1.302,2.016,0.93,124.2,0.006,0.198
7,7,가지전,246,10.96,14.56,17.76,1.68,674,196.96,3.6
8,8,간자장,825.5,22.36,22.035,134.225,12.155,2717,28.73,9.685
9,9,간장떡볶이,134.4,3.848,2.344,24.744,1.592,286.4,6.616,0.584
10,10,간장불고기,134.4,13.504,5.76,6.944,2.72,273.6,38.016,1.952
11,11,간재미회무침,126.9,12.771,1.269,17.469,9.639,442.8,43.362,0.243
12,12,갈매기살구이,312,26.98,22.6,0.28,0,124,96.84,9.82
13,13,갈비구이,294,19.58,21.39,5.78,5.7,389,59.95,7.61
14,14,갈비찜,516,61.29,19.71,23.7,10.71,1140,163.29,8.01
15,15,갈비탕,361.8,57.017,13.802,2.68,0.737,1333.3,210.782,5.293
16,16,갈치구이,205.8,17.71,13.734,1.232,0,473.2,68.376,3.024
17,17,갈치조림,260,25.24,9.6,17.76,7.12,928,85.88,2.68
18,18,갈치찌개,95,13.175,2.5,4.875,2.45,227.5,37.6,0.75
19,19,감자구이,83.6,1.353,3.828,11.055,1.21,106.7,5.434,1.474
20,20,감자국,84,3.6,1.04,14.68,3.4,860,0,0.12
21,21,감자볶음,100,1.75,4.84,12.41,3.37,318,0,0.63
22,22,감자샐러드,130.4,2.208,8.136,12.512,2.496,252.8,12.904,1.312
23,23,감자스프,98,1.91,6.54,7.91,3.6,196,11.3,3.14
24,24,감자전,266,3.44,13.08,33.58,3.62,586,0,1.78
25,25,감자조림,57,1.2,1.76,9.05,3.84,243.5,0,0.21
26,26,감자탕,376.3,33.443,21.518,12.031,0,1738.4,204.209,6.148
27,27,감자튀김,468,6.825,25.515,52.725,0.555,117,0,4.935
28,28,건새우볶음,60.8,8.31,2.59,1.08,0.81,310.8,77.59,0.35
29,29,건표고버섯볶음,29.6,1.624,1.592,6.008,0.528,116.8,0.008,0.184
30,30,게국지,418,44.88,12.1,31.68,10.78,4048,388.19,1.98
31,31,게살죽,568,17.92,7.12,107.36,0.16,1456,50.16,2.08
32,32,계란덮밥,143,4.31,2.82,25.14,3.07,223,45.54,0.61
33,33,고구마맛탕,492,3.3,11,94.6,38.7,76,0,1.9
34,34,고구마전,317.8,4.088,11.172,50.386,19.964,121.8,0,1.666
35,35,고구마줄기나물,37.4,0.952,1.921,4.165,0.663,302.6,0,0.289
36,36,고구마튀김,253,2.72,11.87,33.8,7.72,148,20.84,1.74
37,37,고등어구이,241.4,16.167,16.983,4.573,0,351.9,46.053,3.995
38,38,고등어조림,141,11.25,8.84,4.1,3.39,390,30.05,2.14
39,39,고등어찌개,600,48.9,33.72,25.62,7.38,2586,156.06,7.08
40,40,고추잡채,268,16.72,15.64,16.84,5.96,636,57.96,3.6
41,41,고추장문어볶음,176,21.94,2.04,17.24,10.88,974,157.78,0.44
42,42,고추장불고기,144,13.376,6.16,9.04,4.272,288,38.224,2.064
43,43,고추장불고기삼각김밥,165,3.66,1.58,34.11,0.21,343,3.51,0.45
44,44,고추장찌개,224,21.04,8.52,16.68,4.32,552,35.8,2.44
45,45,고추전,274.5,12.915,17.22,17.01,2.175,361.5,78.81,3.525
46,46,고추조림,111,3.3,4.9,13.4,7.1,779,7.09,0.7
47,47,고추튀김,202,7.6,12.6,14.6,2.3,249,35.91,2.7
48,48,곤드레나물밥,521.5,10.29,9.485,98.91,0,91,0,0.91
49,49,곤약무침,62.25,0.525,5.775,2.715,0.84,89.25,2.0925,0.8625
50,50,골뱅이무침,70.8,6.648,0.816,9.876,5.904,399.6,21.132,0.12
51,51,곰치국,420,54.3,11.8,23.9,2.8,3800,476.5,1.4
52,52,곰탕,183,19.41,3.69,18.09,0.51,717,50.4,1.5
53,53,곱창구이,276,22.335,17.595,7.065,1.665,1972.5,294.165,6.165
54,54,곱창볶음,299,16.629,6.9,42.596,7.521,494.5,174.984,2.415
55,55,곱창전골,267.9,20.349,14.877,15.162,4.389,632.7,243.39,4.047
56,56,과일샐러드,112.5,0.57,8.235,10.11,7.185,55.5,2.595,1.215
57,57,국밥,416,27.6,8.24,58.64,0.4,2304,47.84,2.72
58,58,굴국,125,12.05,1.8,14.65,0.7,1255,43.9,0.45
59,59,굴비구이,91.5,8.8725,5.55,0.735,0,81.75,29.8125,1.14
60,60,굴전,246,12.5,12.54,19.08,1.48,116,113.64,2.24
61,61,기스면,610,37.8,10.7,89.8,0.5,2760,416.5,2.1
62,62,김말이튀김,251,2.4,12.5,32.1,0,393,0,0
63,63,김무침,83,7.92,4.04,12.69,2.15,557,0,0.49
64,64,김밥,322,11.132,10.465,45.954,0,706.1,44.39,2.53
65,65,김치국,92,5.36,3.04,10.52,0.12,832,19.12,0.76
66,66,김치말이국수,300,12.9,4.8,52.02,8.28,2124,88.98,1.08
67,67,김치볶음,106,1.38,7.94,7.27,4.45,521,4.66,0.87
68,68,김치볶음밥,551.1,17.556,30.294,51.942,45.837,1551,232.353,4.719
69,69,김치전,219.6,5.454,5.58,34.83,1.98,423,11.07,0.918
70,70,김치전골,197.1,8.424,11.421,15.336,2.133,807.3,20.061,1.809
71,71,김치찌개,244,15.08,15,11.92,3.04,1964,25.16,2.76
72,72,김치찜,396,29.43,21.15,20.79,8.82,1597.5,68.535,7.2
73,73,김튀김,261,5.5,14.45,27.18,0.07,303,0,2.68
74,74,까르보나라,235,5.71,14.82,19.63,2.04,241,28.06,7.02
75,75,깐쇼새우,495,26.07,20.724,48.51,17.523,877.8,215.457,4.125
76,76,깐풍기,295,13.1,18.5,18.9,0,329,0,0
77,77,깐풍새우,240,8.15,13.86,20.56,7.2,531,61.48,2.04
78,78,깨죽,512,13.68,15.92,79.28,3.6,1160,0,2.8
79,79,깻잎전,361.5,17.73,25.77,14.55,1.065,480,131.79,5.43
80,80,깻잎찜,97,5.21,5.86,5.96,1.33,792,0,0.46
81,81,꼬리곰탕,110,14.6,5.4,0.7,0,109,0,0
82,82,꼬막무침,107,8.34,4.72,7.69,4.28,516,29.88,0.64
83,83,꼬막찜,192,24.06,4.56,13.94,2.06,1472,76.6,1.18
84,84,꽁치구이,164,19.2495,8.1385,1.6195,0,481.75,57.9945,1.312
85,85,꽁치조림,244,15.52,17.87,5.14,4.05,350,32.81,3.52
86,86,꽁치찌개,354,24,23.31,12.21,5.91,1296,63.33,4.89
87,87,꽃게콩나물찜,416,46.88,10.72,40.8,7.28,1672,100.96,1.68
88,88,꽃게탕,102,11.16,2.46,8.64,5.7,1638,15.66,0.24
89,89,꽈리고추찜,104,3.59,2.09,17.69,0.44,316,0,0.37
90,90,꿩불고기,370,33.5,8.5,39.7,16.9,1265,106.2,1.9
91,91,낙지꼬치구이,75.2,13.144,1.272,2.824,0,207.2,133.744,0.136
92,92,낙지덮밥,525,20.58,11.69,84.42,7.56,742,113.575,1.295
93,93,낙지볶음,182,11.54,7.54,17.2,15.82,1074,89.52,0.88
94,94,낙지전골,153,19.5,3.42,11.16,0,1452,154.32,0.99
95,95,낙지찜,444,32.82,25.86,22.86,5.34,1302,213.18,4.02
96,96,낙지탕,186,29.4,3.18,10.38,1.92,1704,292.44,0.42
97,97,난자완스,346,21.62,20.34,19.14,0.5,704,76.76,4.6
98,98,내장전골,272.6,25.427,13.536,13.583,3.384,601.6,243.084,3.948
99,99,내장탕,426,34.92,27.12,10.08,0.3,1296,383.34,10.68
100,100,냉국,129.5,0.665,2.345,26.285,15.715,518,0,0.035
101,101,넙치회덮밥,392.7,21.777,5.406,64.464,9.792,433.5,35.853,0.816
102,102,녹두빈대떡,208,7.94,10.27,20.93,0.1,232,12.48,2.26
103,103,누룽지,69,1.32,0.1,15.06,1.15,13,0,0.04
104,104,느타리버섯볶음,87,3.61,4.66,7.69,3.24,453,1.17,0.45
105,105,다시마튀각,231,4.22,13.26,23.66,8.62,652.5,0,2.04
106,106,단무지무침,13.2,0.328,0.508,1.912,0.716,236,0,0.084
107,107,단호박샐러드,64,0.615,4.745,5.14,1.725,41,3.17,0.72
108,108,단호박찜,36.9,0.837,0.144,9.036,3.267,1.8,0,0.027
109,109,달걀국,52,3.72,2.96,2.76,0,984,124.44,1.08
110,110,달걀말이,193,17.21,13.21,1.45,0,449,339.85,3.33
111,111,달걀조림,87.2,7.208,3.832,5.224,1.2,398.4,152.272,1.304
112,112,달걀찜,108,9.01,7.5,1.03,0.81,375,81.09,2.24
113,113,달걀탕,101.5,6.23,7.14,3.29,0,353.5,119.175,1.295
114,114,달걀후라이,124.8,9.438,8.268,3.09,0.018,96.6,196.632,2.232
115,115,닭갈비,558,41.94,32.88,23.79,2.31,1014,147.96,5.76
116,116,닭고기덮밥,512.5,46.74,8.938,60.762,4.387,627.3,378.389,3.239
117,117,닭고기육개장,163.8,20.832,4.494,10.5,1.932,495.6,62.202,1.092
118,118,닭곰탕,331.5,48.815,9.23,13,1.95,1105,234.13,1.95
119,119,닭구이,873.8,89.114,45.526,26.52,0,2553.4,405.212,12.75
120,120,닭꼬치구이,176.4,11.564,8.568,13.349,3.15,287,31.444,2.317
121,121,닭날개구이,129,11.25,7.25,3.84,1.25,289,54.48,2
122,122,닭날개튀김,514,34.34,32.54,20.98,0,538,150.68,7.82
123,123,닭다리튀김,646,37.72,39.2,35.76,7.42,820,117.94,9.56
124,124,닭도리탕,444.6,37.107,19.038,31.92,8.835,946.2,128.592,5.073
125,125,닭모래집볶음,176,28.11,5.8,2.82,2.73,364,363.87,1.14
126,126,닭모래집튀김,468,28.095,26.595,29.1,1.8,322.5,251.91,4.095
127,127,닭발구이,431.2,39.93,20.702,21.34,0.682,1819.4,180.07,5.676
128,128,닭발볶음,372,27.6,18.76,23.44,12.74,1948,825.58,4.4
129,129,닭백숙,341.6,25.803,12.871,27.389,2.257,298.9,89.975,3.477
130,130,닭볶음탕,333,35.73,9.66,25.56,1.26,1128,127.32,3.57
131,131,닭조림,295.5,27.045,16.35,9.855,0.75,705,105.48,4.095
132,132,닭죽,176,10.72,2.28,28.56,0,468,29.8,1.32
133,133,닭찜,321,37.11,18.27,1.8,0,672,198.66,2.94
134,134,당근볶음,85.5,0.837,5.967,7.011,4.05,194.4,0,0.99
135,135,대구볼찜,288,27.072,7.872,34.368,6.976,915.2,77.312,1.344
136,136,대구찜,375,51.7,7.9,24.7,5.7,1900,263.3,1.1
137,137,대창구이,595,9.11,60.25,4.05,1.13,126,51.05,25.6
138,138,더덕구이,184,3.1,5.2,31.1,11.6,743,0.12,0.8
139,139,더덕무침,45.5,0.903,0.455,10.304,2.982,103.6,0.014,0.077
140,140,도가니탕,200,41.75,1.65,4.1,0,750,91.7,0.65
141,141,도라지생채,29.4,0.924,0.371,6.51,2.87,199.5,0,0.063
142,142,도토리묵무침,42.7,0.959,0.868,8.239,1.218,235.9,0,0.14
143,143,돈가스,280,13.85,17.94,15.89,4.99,343,26.48,3.16
144,144,돈코츠라멘,98,4.14,6.42,5.87,0.77,377,20.85,1.23
145,145,돌나물,21.6,0.576,0.351,4.707,2.214,138.6,0,0.063
146,146,돌솥비빔밥,473,15.455,11.385,76.945,6.765,638,159.83,2.695
147,147,동태국,68,9.68,0.64,5.6,0,896,45.84,0.08
148,148,동태까스,245.7,10.44,14.076,17.478,2.349,346.5,48.078,2.268
149,149,동태전,195,16.48,11.63,6.11,0.26,318,136.73,1.6
150,150,동태조림,275,40.8,4.7,17.4,10.2,1392.5,218.45,1.1
151,151,동태찌개,88,12.22,2.74,3.44,0.26,546,53.36,0.4
152,152,동태찜,395,50.9,9.7,25.8,5.7,1985,284.2,1.6
153,153,동파육,191,8.99,15.41,4.15,0.74,299,31.6,4.4
154,154,돼지갈비찜,582,39.87,36.96,22.32,0.39,1434,150.21,11.04
155,155,돼지고기덮밥,544.5,26.136,8.976,86.361,6.303,471.9,75.438,2.805
156,156,돼지고기찌개,144,18.75,4.53,6.78,0.39,765,32.85,0.63
157,157,돼지고기찜,272.5,27.05,8.125,22.225,5.225,550,79.925,2.825
158,158,돼지껍데기구이,348,23.74,26.64,3.37,3.42,475,35.76,9.08
159,159,돼지두루치기,302,11.52,20.98,16.8,7.24,1208,26.72,6.72
160,160,돼지등갈비찜,963,72.09,49.185,57.42,24.12,2394,199.575,16.11
161,161,된장국,100,4.36,2.4,14.8,3.08,1428,0,0.2
162,162,된장찌개,92,6.76,3.26,8.88,0,636,0,0.54
163,163,두부김치,287.5,19.475,17.125,14.075,1.475,990,13.925,3.175
164,164,두부부침,140,10.92,9.77,2.07,0.24,429,0,1.45
165,165,두부전,255,20.46,15.87,7.5,0.03,316.5,3.285,2.01
166,166,두부전골,315,25.6,16.1,17.1,3.5,1650,8.85,2.4
167,167,두부조림,71.5,4.82,4.83,2.2,1.82,80.5,0,0.68
168,168,두부찌개,260,20.05,13.15,15.9,4,905,1.7,1.75
169,169,들깨국,26.6,1.102,1.444,2.698,0.627,209,0,0.114
170,170,땅콩조림,96.6,3.75,7.28,3.99,1.97,114.8,0,1.16
171,171,떡갈비,404,42.76,23.64,4.92,0.8,808,136.08,8.58
172,172,떡강정,498,7.58,9.44,95.78,10.68,892,0,1.92
173,173,떡국,588,24.01,3.71,114.59,0.56,1232,116.9,1.68
174,174,떡만두국,666,21.18,23.46,92.82,0.06,1236,67.98,3.42
175,175,떡볶이,259.2,6.318,5.328,46.728,7.92,703.8,4.212,0.504
176,176,라면,451,9.46,12.54,75.075,0,1556.5,0,4.51
177,177,라볶이,268,5.66,9.42,40.28,1.88,622,5.04,2.94
178,178,라조기,398,20.66,23.5,26.24,0.16,648,90.58,5.14
179,179,로제스파게티,171,5.21,8.99,17.34,3.33,244,26.26,4.05
180,180,마늘장아찌무침,39.6,0.752,0.28,8.74,4.664,322,0,0.048
181,181,마늘쫑무침,53.6,1.304,0.912,11.64,5.056,224.8,0,0.16
182,182,마라탕,66,3.91,3.27,5.1,0.26,358,4.99,0.6
183,183,마카로니샐러드,238,4.029,13.889,23.392,4.624,210.8,6.052,2.108
184,184,마파두부,174.4,11.664,10.368,8.576,3.92,563.2,10.864,1.664
185,185,막국수,570,20,5.8,109.8,9.4,3260,43.2,1
186,186,만두국,434,21.42,17.43,47.81,3.08,2366,94.5,4.27
187,187,만두전골,57,3.61,2.23,5.55,0.7,250,5.84,0.55
188,188,맛살전,330,14.96,12.48,39.38,2.28,1118,128.36,2.42
189,189,매생이국,120,10,2.8,13.4,0.4,1420,6.6,0.6
190,190,매운탕,420,58.44,16.62,9.12,1.44,1800,375.06,3.06
191,191,머위나물볶음,108,3.495,7.005,7.605,1.8,718.5,0,0.795
192,192,메밀국수,220.5,10.99,1.015,42.21,0,679,0,0.42
193,193,메밀묵,88,4,1.6,14.28,1.12,952,0,0.12
194,194,메밀소바,344,9.96,1.28,71.84,5.76,1016,0,0.32
195,195,메밀전,289.8,7.236,1.152,62.622,0.54,261,0,0.468
196,196,멘보샤,289,10.52,21.6,13.22,1,696,69.91,3.57
197,197,멸치볶음,138,19.72,3.54,6.81,5.8,1303,184.35,0.64
198,198,멸치조림,318,40.92,13.22,8.93,7.35,3163,384.78,2.27
199,199,모자반무침,19,1.29,0.4,4.36,1.3,186,0.01,0.07
200,200,무말랭이무침,48.8,1.6,0.552,9.84,3.32,221.6,0,0.096
201,201,무생채,21,0.59,0.42,4.09,2.245,161,0,0.065
202,202,무조림,72,3.39,3.57,6.435,5.805,1168.5,0.96,0.525
203,203,묵밥,646,14.82,7.695,128.63,15.105,2071,42.655,1.52
204,204,물냉면,385,13.72,4.48,72.17,31.64,1127,107.45,1.12
205,205,미나리전,226.5,5.235,7.62,34.23,1.74,249,11.88,1.23
206,206,미소된장국,37.5,2.805,1.8,2.805,0.705,517.5,0,0.195
207,207,미소라멘,89,4.57,2.77,11.36,1.1,388,20.91,0.54
208,208,미역국,48,2.6,2.44,3.48,1.08,672,0,0.2
209,209,미역냉국,28,1.2,0.38,6.22,3.98,516,0,0.08
210,210,미역줄기볶음,61.6,0.768,4.76,3.88,0.44,404,0,0.712
211,211,미역초무침,37.2,1.776,0.852,8.22,3.984,487.2,0,0.156
212,212,미역튀각,221.5,6.62,16.95,10.57,5.68,2611.5,0,2.71
213,213,미음,19,0.3,0,4.7,0,0,0,0
214,214,미트볼스파게티,900,36.7,44.4,88.1,4.45,1090,62.9,7.2
215,215,미트볼조림,331.5,27.225,16.095,19.425,15.78,472.5,44.22,3.18
216,216,배추겉절이,36.8,2.016,0.624,7.232,3.552,438.4,0.848,0.112
217,217,배추국,64,7.36,1.64,4.56,0,992,22.32,0.36
218,218,배추나물,25.2,1.414,1.022,3.43,0.994,366.8,0,0.154
219,219,배추전,240,5.16,8.67,35.52,5.025,327,7.23,1.38
220,220,백합죽,455,16.52,5.6,84.7,0,994,32.13,1.33
221,221,뱅어포구이,261.8,24.059,10.619,17.549,11.137,1035.3,328.832,2.1
222,222,버섯구이,41.6,4.128,1.104,3.824,0.088,393.6,0,0.328
223,223,버섯볶음,47,1.4,3.1,3.39,2.12,262,0,0.4
224,224,버섯샤브샤브,105,13.58,3.15,5.495,1.855,178.5,26.425,2.17
225,225,버섯전,240,10.53,14.865,16.2,2.745,313.5,100.095,2.295
226,226,버섯전골,234,15.42,12.72,14.34,3.54,438,36.99,2.94
227,227,버섯조림,90,6.57,3,9.345,2.925,453,0,2.205
228,228,버섯찌개,168,14.72,5.2,15.4,4.4,1292,16.56,1.32
229,229,병어조림,112,12.46,4.78,4.87,0.22,842,40.81,2.07
230,230,복어튀김,320,13.84,19.27,22.88,0.6,284,30.03,2.95
231,231,복찜,183.6,18.105,4.692,20.961,4.437,698.7,29.631,0.816
232,232,볶음밥,640.5,19.46,9.66,118.895,0,742,102.48,3.85
233,233,부대찌개,738,35.16,38.94,61.62,1.08,1434,66.3,10.08
234,234,부추무침,26.4,1.122,0.814,4.345,2.321,171.6,0,0.132
235,235,부추전,250.5,6.945,6.255,41.79,12.42,370.5,39.255,1.2
236,236,북어강정,379,19.22,22.07,25.82,12.17,709,53.82,3.09
237,237,북어국,112,15.56,3.92,3.36,0.48,928,86.44,0.68
238,238,북어조림,182,20.83,3.33,17.14,8.2,766,99.63,0.67
239,239,북어찜,235.5,28.095,5.7,18,6.405,901.5,153.105,0.9
240,240,북어채무침,134.1,20.853,2.385,6.498,2.016,263.7,81.63,0.396
241,241,분짜,136,5.91,3.66,19.75,5.47,398,17.97,1.15
242,242,불고기덮밥,728,26.4,21.24,107.84,0.28,1012,63.32,5.6
243,243,불낙전골,276,28,10.68,18.32,4.6,1000,52.24,3.8
244,244,붕어찜,836,54.34,36.85,71.61,16.17,3949,186.23,5.83
245,245,브로콜리볶음,45.9,3.978,1.152,4.977,1.278,84.6,0,0.198
246,246,비빔국수,113,3.4,2.1,20,0,337,0,0
247,247,비빔냉면,500,28.35,13.2,66.75,20.1,885,236.7,2.7
248,248,비빔막국수,728,21.42,6.02,150.29,26.74,1792,12.67,1.19
249,249,비빔밥,639,30.87,19.44,84.78,0.225,1044,190.17,4.275
250,250,뼈해장국,208,25.52,7.76,8.48,5.04,2768,75.6,1.68
251,251,사골국,220,22.24,9.68,11.24,0,300,76.48,3.76
252,252,사태찜,330,36.3,15.51,11.01,0.39,906,284.85,3.39
253,253,산적,340,49.402,14.552,2.635,0.102,996.2,95.455,4.097
254,254,삼겹살구이,934,45.12,83.38,0.7,0,1152,79.44,24.84
255,255,삼계탕,909,96.12,43.2,34.56,4.05,738,433.71,11.61
256,256,삼선볶음밥,688,26.24,26.48,85.76,1.6,1212,326.52,6.32
257,257,삼치구이,356,42.84,19.14,2.9,0.44,434,158.76,4.04
258,258,삼치조림,125,15.88,5.63,2.61,2.03,441,51.41,1.64
259,259,상추겉절이,19.2,0.848,0.608,3.136,1.512,134.4,0,0.096
260,260,새송이버섯볶음,13.75,0.836,0.8855,1.903,0.154,89.65,0,0.121
261,261,새송이버섯전,59.85,3.002,3.5435,5.5955,0.1615,88.35,39.1495,0.703
262,262,새우구이,261,42.138,7.992,5.076,0.054,594,421.164,1.332
263,263,새우볶음,166,19.82,4.42,11.92,7.98,652,159.34,0.76
264,264,새우볶음밥,636.4,23.347,22.718,84.545,2.627,540.2,261.664,4.403
265,265,새우전,188,9.99,11.33,11.57,1.87,349,131.08,1.95
266,266,새우탕,165,25.85,2.2,10,0.3,1340,163.65,0.45
267,267,새우튀김롤,606,14.46,18.18,96.27,11.13,1392,55.86,3.42
268,268,생선까스,654,24.34,41.1,46.56,1.96,788,72.72,7.96
269,269,선지해장국,174,23.16,5.76,7.38,0,1872,174.3,0.78
270,270,선짓국,42,6.4,1.2,1.4,0,315,0,0
271,271,설렁탕,120,21.3,2.9,1.8,0,110,34.85,1.15
272,272,소갈비찜,832.5,40.35,53.1,48.375,21.9,2182.5,121.725,18.45
273,273,소고기무국,22.4,0.832,0.544,4.096,1.248,566.4,0,0.096
274,274,소고기버섯죽,576,18.72,7.44,109.04,0.24,1264,26.08,2.72
275,275,소고기볶음,433.4,31.592,23.738,23.54,21.34,1218.8,85.36,9.416
276,276,소고기볶음밥,457.6,19.734,16.848,56.576,0.208,559,130.052,3.822
277,277,소고기산적,454,48.4,25.56,7.34,0,1392,134.84,7.06
278,278,소고기샤브샤브,427.8,27.435,18.972,37.944,3.72,1060.2,76.632,7.254
279,279,소고기스프,7,1.14,0.22,0.04,0,372,0,0.11
280,280,소고기육개장,52,4.14,2.92,2.76,0.64,210,18.32,0.88
281,281,소고기전골,189,23.67,9.72,1.38,0.15,897,48.24,2.07
282,282,소내장구이,239.2,17.55,16.978,1.95,0.26,148.2,312.962,4.758
283,283,소라산적,120,17.92,2.512,6.448,0.848,396.8,100.344,0.376
284,284,소불고기,340,32.82,19.32,8.52,6.48,836,100.04,6.52
285,285,소시지볶음,560,23.88,38.76,28.82,11.66,1774,56.82,11.6
286,286,소시지야채볶음,134,7.01,8.95,6.15,2.13,439,29.59,2.73
287,287,소유라멘,72,3.65,2.36,9.12,0.84,420,20.67,0.77
288,288,소탕,87,7.65,5.355,1.905,0.03,354,0,0.585
289,289,송이버섯덮밥,582,18.24,14.04,95.58,2.28,1680,48.18,2.76
290,290,수란,145,12.3,11.7,0.2,0,110,420,3.21
291,291,수육,498,85.29,14.82,6.12,0.33,93,264.9,5.67
292,292,수제비,377,15.015,3.38,72.02,0,923,83.525,0.975
293,293,숙주나물,11.9,0.791,0.672,1.106,0.007,117.6,0,0.105
294,294,숙주미나리나물,14.4,0.832,0.792,1.352,0.208,142.4,0,0.12
295,295,순대,411.4,6.05,8.008,78.606,3.058,1328.8,57.728,2.464
296,296,순대국,510,14.1,10.5,89.7,1.56,1980,58.02,3
297,297,순대볶음,584,20.72,21.32,76.72,5.4,1500,141.72,5.12
298,298,순대전골,342,25.245,14.31,28.26,3.06,720,78.705,5.49
299,299,순두부찌개,70,5.96,3.18,4.34,0.64,302,9.2,0.92
300,300,숯불갈비삼각김밥,161,4,1.67,32.55,0.16,358,4.04,0.53
301,301,스크램블드에그,237.6,12.991,19.349,2.816,0.495,405.9,276.452,3.52
302,302,스테이크,388,60.44,16.14,0.28,0,268,168.36,7.7
303,303,스파이시씨푸드리조또,356.68,14.0021,0,0,6.0009,665.16,0,6.0973
304,304,스팸구이,484.8,28.096,39.008,5.232,2.736,1526.4,57.104,14.416
305,305,시금치나물,16.2,0.966,0.768,1.92,0.534,158.4,0,0.12
306,306,시오라멘,84,4.68,2.13,11.54,0.93,292,23.31,0.53
307,307,쌀국수,318,15.6,4.2,55.08,4.32,1650,33.6,1.38
308,308,아구탕,246,37.8,4.92,12.78,1.8,1866,318.96,0.78
309,309,아귀지리,113.4,21.438,0.702,4.806,1.08,469.8,75.654,0.108
310,310,아귀찜,168,13.44,6.26,14.52,5.46,784,102.78,0.96
311,311,알밥,422.4,15.609,16.863,51.975,7.59,1419,151.734,1.947
312,312,알탕,202.8,33.124,3.848,9.048,0,1300,420.212,0.832
313,313,애호박볶음,29.5,0.66,1.81,2.65,0.21,223.5,0,0.22
314,314,애호박전,183,6.525,12.93,10.095,3.48,336,113.985,1.995
315,315,애호박찜,181,9.5,6.48,21.18,1.81,161,12.54,1.44
316,316,양미리조림,65,5.76,0.66,9.09,2.2,711,49.59,0.29
317,317,양송이스프,105,2.41,7.04,8.06,2.52,170,17.01,3.93
318,318,양파링튀김,411,3.86,25.23,43.58,5.43,776,0,4.19
319,319,양파볶음,44.8,0.792,1.232,7.608,7.32,219.2,0,0.088
320,320,양파스프,12,0.32,0.01,2.77,0.2,346,0,0
321,321,어묵국,108.5,5.215,3.605,13.405,0.245,791,8.575,0.245
322,322,어묵볶음,275.8,11.774,10.206,34.062,8.834,1145.2,23.296,1.848
323,323,어묵조림,318,11.66,9.46,46.32,4.86,856,15.68,1.62
324,324,어육소시지전,141.6,6.584,8.112,10.184,1.632,352.8,58.176,2.256
325,325,어죽,552,20.4,7.52,100.8,9.84,2104,35.44,1.68
326,326,어탕,85.5,12.705,3.09,1.815,0,484.5,52.56,0.435
327,327,얼갈이겉절이,23.1,1.232,0.561,3.971,1.287,190.3,0.011,0.099
328,328,연근조림,87,1.34,2.55,14.71,1.39,330.5,0,0.32
329,329,연어구이,234,24.78,14.94,0.2,0.55,158,44.98,2.17
330,330,연어롤,510,18.57,15.39,74.31,8.46,1212,61.98,2.82
331,331,연잎밥,207,4,0.3,47,0,178,0,0
332,332,연포탕,540,94.9,9,20.2,0.2,2340,1057.5,1.8
333,333,열무나물,36,2.628,1.38,4.332,1.104,327.6,0,0.216
334,334,열무냉면,528,20.88,5.76,97.52,27.12,3152,67.76,1.36
335,335,영양돌솥밥,644,12.005,10.045,126.21,2.205,21,0,2.135
336,336,오겹살구이,408,20.18,35.14,2.72,0.72,76,45.6,10.23
337,337,오곡밥,390,11.95,1.3,82.325,0.175,115,0,0.425
338,338,오리고기구이,586,48.12,39.4,9.78,0,1416,264.66,9.64
339,339,오리고기로스,574.2,38.808,44.55,1.65,0.924,531.3,211.233,14.322
340,340,오리백숙,336,31.77,22.5,1.5,0.75,483,155.55,4.68
341,341,오리볶음,718.2,43.974,47.334,30.66,11.13,1066.8,218.4,15.078
342,342,오리불고기,362.5,16.875,22.625,22.625,15.725,1167.5,77.825,5.1
343,343,오리죽,620,30,19.96,79.8,0,248,144.28,4.64
344,344,오리탕,726,57,39.36,36.48,21.48,1902,230.82,7.98
345,345,오므라이스,692,26,28.92,82.16,12.76,1732,347.96,5.52
346,346,오이냉국,19,0.5,0.09,3.92,3.48,328,0.17,0.02
347,347,오이생채,19.2,0.792,0.324,3.996,2.25,139.2,0,0.054
348,348,오이지무침,28,0.76,1.09,4.3,2.15,774,0,0.17
349,349,오일스파게티,648,19.56,23.44,89.4,1.4,1124,31.64,3.88
350,350,오징어국,90,11.1,3.65,3.65,1.2,1285,159.4,0.4
351,351,오징어덮밥,486,25.848,7.236,78.984,2.376,583.2,167.184,0.864
352,352,오징어무침,91.2,11.229,1.197,9.348,4.598,347.7,124.735,0.266
353,353,오징어볶음,256,19.7,13.04,14.86,3.86,620,218.36,2
354,354,오징어볶음,120,10.28,4.38,9.84,4.55,403,134.92,0.8
355,355,오징어산적,101.6,17.376,1.976,3.6,0.912,476.8,234.248,0.272
356,356,오징어순대,465.5,45.71,5.6,58.31,0.385,1260,517.44,1.4
357,357,오징어조림,205.5,24.825,3.555,18.675,10.275,2203.5,259.11,0.945
358,358,오징어찌개,85,8.25,0.55,11.925,1.125,712.5,65.85,0.125
359,359,오징어채무침,101.7,10.449,1.629,12.168,6.237,326.7,39.78,0.279
360,360,오징어채볶음,275,22.04,7.57,29.77,20.03,975,183.61,1.17
361,361,오징어채조림,120,11.76,2.45,12.68,6.89,565,118.36,0.41
362,362,옥돔구이,89.7,11.293,4.416,0.253,0,75.9,52.946,0.782
363,363,옥수수구이,133.2,1.287,8.109,13.869,3.6,155.7,3.456,1.395
364,364,올갱이국,144,13.68,4.2,13.02,1.62,2016,85.38,0.78
365,365,올갱이국수,570,11.25,8.25,111.6,18.6,3870,0,1.5
366,366,완자전,278,29.56,11.9,13.02,5.12,1718,136.52,3.54
367,367,우거지해장국,156,11.88,5.88,13.5,2.52,2052,22.38,1.2
368,368,우동,568,17.12,8.8,102.08,1.84,2160,5.76,1.92
369,369,우동볶음,384,8.4,6.03,74.37,1.29,771,0,1.47
370,370,우럭회덮밥,502.5,26.175,5.775,86.025,11.625,480,13.875,1.05
371,371,우엉조림,56.4,1.44,0.999,10.44,8.529,352.2,0,0.159
372,372,울면,730,37.5,7.4,128.2,0.5,2800,445.8,1.8
373,373,월남쌈,295,14.85,12.425,30.625,13.75,575,78.95,5.325
374,374,유부국,32.3,2.052,1.938,2.147,0.38,307.8,0,0.304
375,375,유부초밥,388,11.56,11.54,59.64,3.98,772,6.24,1.38
376,376,유산슬,189.2,16.588,9.68,9.02,4.73,464.2,66.594,1.716
377,377,유산슬덮밥,577.5,26.95,19.03,73.92,0.44,1578.5,120.89,3.41
378,378,유채나물,15.4,1.47,0.623,1.68,0.217,107.8,0.007,0.098
379,379,육개장,132,16.192,4.356,6.556,3.344,884.4,47.784,0.748
380,380,율무밥,318.6,6.021,0.459,69.012,0.027,5.4,0,0.135
381,381,율무죽,44,0.5,0.4,9.5,0,0,0,0
382,382,임연수구이,495,53.8,29.4,3.5,0,1570,212.6,6.1
383,383,자장면,528,16.14,13.32,86.22,36.42,1842,12.3,2.28
384,384,자장밥,573.4,20.069,22.184,73.179,0.141,1109.2,27.025,2.726
385,385,잔치국수,268,9.4,3.32,48.76,2.48,1232,22.44,0.76
386,386,잡곡밥,292,10.6,1.74,58.66,0.64,6,0,0.44
387,387,잡채,292,9.42,6.6,48.52,1.46,720,45.32,1.1
388,388,잡채밥,825,22.11,18.81,141.845,0.275,1248.5,32.505,2.255
389,389,잡탕밥,780,44.1,20.1,104.925,0.45,2107.5,329.85,4.05
390,390,잣죽,875,19.18,19.6,155.26,2.38,882,0,1.96
391,391,장떡,137.9,2.569,5.348,19.096,1.582,186.9,0,0.812
392,392,장어구이,259,19.82,17.21,6.18,0.44,322,131.89,4.68
393,393,장어덮밥,716,30.08,22.96,97.36,5.6,920,234.56,5.16
394,394,장어탕,536,34.56,31.28,29.44,21.28,3096,270,5.04
395,395,장조림,138,9.85,7.12,8.67,6.87,628,246.68,2.07
396,396,재첩국,80.5,2.345,1.015,15.89,0,441,14.945,0.035
397,397,쟁반짜장,1305,52.65,23.67,212.67,21.78,2889,167.04,4.77
398,398,전복죽,316,7.28,14.92,38.48,0,632,34.48,0.76
399,399,전복탕,198,26.82,3,15.78,1.32,1776,291.36,0.6
400,400,전어구이,118.8,21.096,2.952,0.216,0,694.8,76.968,0.9
401,401,제육덮밥,949.4,44.321,50.619,79.242,9.306,817.8,131.318,16.074
402,402,제육볶음,350,22.96,20.66,18.22,8.2,1052,57.88,5.12
403,403,조개구이,234,31.374,3.726,18.792,6.48,817.2,45.522,0.162
404,404,조개국,64,6.68,3.56,1,0.72,1188,16.04,0.2
405,405,조기구이,318.6,34.794,19.548,0.792,0,2455.2,165.222,5.544
406,406,조기조림,384,41.1,18.81,12.81,4.5,1770,228.18,5.01
407,407,조기찜,182,20.06,10.59,1.64,0,602,138.43,2.85
408,408,족발,582.5,65.1,34.775,2.325,0,862.5,229.3,11.65
409,409,주꾸미볶음,212,18.32,5.2,22.82,5.06,918,200.76,0.6
410,410,주꾸미삼겹살,161,10.11,8.66,10.66,5.41,280,70.76,2.29
411,411,죽순볶음,276,31.464,12.857,8.694,4.761,492.2,71.231,4.876
412,412,중식우동,873.6,45.408,8.064,146.784,7.872,1939.2,276.672,2.016
413,413,중식잡채,373.5,10.35,10.08,61.11,5.085,504,24.03,2.43
414,414,쥐포조림,276,13.03,8.86,36.12,23.37,1265,50.56,1.3
415,415,쥐포튀김,357,9.62,16.49,42.5,7.96,717,28.7,2.29
416,416,지리탕,264,41.58,6.18,9.9,1.5,1476,283.08,1.08
417,417,짜장밥,483.6,14.82,10.088,81.016,11.128,936,70.148,2.236
418,418,짬뽕,464,22.32,12.32,66.08,12.56,1448,84.16,2
419,419,짬뽕밥,648,28.8,12.6,104.85,12.06,2106,142.02,2.07
420,420,쫄면,709.5,17.655,13.86,127.93,19.305,1375,0,1.21
421,421,쫄볶이,945,29.61,8.883,185.031,25.011,4107.6,68.292,3.654
422,422,찐감자,140,4.32,0.32,30.02,1.72,6,0,0.06
423,423,찐고구마,278,3.34,0.48,64.94,32.64,20,0,0.1
424,424,차돌박이구이,488,17.94,45.69,1.31,0.33,93,47.28,16.24
425,425,참깨죽,38,1,1.2,5.9,0,120,0,0
426,426,참나물,13.6,0.608,0.64,1.688,0.152,138.4,0,0.096
427,427,참치구이,347.4,47.808,16.164,2.52,0,826.2,209.682,4.968
428,428,참치덮밥,680,29.2,16.75,102.95,3,1620,115.8,3.4
429,429,참치덮밥,626.4,33.64,12.354,92.278,11.89,1977.8,35.612,1.624
430,430,참치마요네즈삼각김밥,398,11.86,16.42,50.9,0,460,20.94,2
431,431,참치볶음밥,535.5,26.061,13.158,74.46,5.763,979.2,154.785,2.703
432,432,참치죽,656,24.16,16.08,104.56,1.36,1344,40,1.84
433,433,참치회덮밥,456,28.38,4.86,72.84,9.9,528,44.64,1.14
434,434,채소전,145,3.57,4.5,22.59,2.06,259,19.62,0.89
435,435,채소튀김,321,3.6,17.3,37.6,0,279,0,0
436,436,청경채나물,14,1.06,0.58,1.59,0.23,156,0.02,0.09
437,437,청국장찌개,94,10.06,4.22,3.84,0,484,5.22,0.9
438,438,청포묵무침,47.7,1.764,1.944,6.732,0.765,243.9,8.532,0.324
439,439,초당순두부,522,49.14,29.16,15.84,0.9,1206,0,3.78
440,440,추어탕,189,11.34,11.13,10.745,0,861,55.44,1.085
441,441,충무김밥,584,23.44,5.96,109.16,17.2,1296,156.84,1.08
442,442,취나물,45,1.872,1.818,6.66,1.044,241.2,0,0.252
443,443,치커리겉절이,39.6,1.296,1.314,6.318,3.402,288,0,0.216
444,444,치킨,903,65.19,49.71,48.81,1.5,1245,177.93,12.99
445,445,치킨가스,592,27.92,33.92,44.02,4.16,780,72.96,8.42
446,446,치킨데리야끼,707.2,56.236,30.634,51.714,0.374,907.8,181.186,8.806
447,447,치킨크림리조또,445.85,14.9902,0,0,4.0006,522.97,0,11.9054
448,448,카레라이스,518.4,14.928,6.72,99.552,0.768,1008,13.392,2.112
449,449,칼국수,539,23.1,3.43,104.3,0,1540,119.98,1.4
450,450,캘리포니아롤,489,12.33,9.06,89.22,8.91,1296,65.97,2.13
451,451,코다리조림,86,16.46,0.4,4.16,3.67,466,66.8,0.17
452,452,코다리찜,188,28.98,2.7,12.16,5,1240,121.92,0.62
453,453,콘치즈구이,224,9.51,12.85,17.56,7.31,313,22.06,4.5
454,454,콩국수,648,31.2,26.8,71.36,1.92,536,0,1.36
455,455,콩나물국,24,2.96,0.36,2.44,0.64,876,2.92,0.12
456,456,콩나물국밥,498,22.078,6.059,88.727,3.486,481.4,164.091,1.66
457,457,콩나물밥,393.6,14.976,5.056,71.648,0.128,870.4,10.048,1.344
458,458,콩나물찜,112,13.34,2.02,9.94,0,446,129.7,0.42
459,459,콩밥,173,4.38,0.39,38.04,0.1,25,0,0.14
460,460,콩비지찌개,276,26.96,12.32,14.28,13,1156,28.48,2.04
461,461,콩자반,84.3,5.391,2.319,10.449,1.059,260.4,0,0.201
462,462,크림스파게티,836,21.8,50.6,73.76,9.16,1032,126.56,25.68
463,463,탕수육,228,8.7,10,25.9,0,221,0,0
464,464,토란국,64,4,0.48,10.44,1.08,760,4.48,0.16
465,465,토마토스파게티,645,24.35,19.15,93.2,15.6,1510,49.15,5.45
466,466,톳나물초무침,22.8,1.332,0.444,5.736,1.932,111.6,0.012,0.072
467,467,파래무침,12.9,1.146,0.333,2.772,0.297,75.3,0.003,0.051
468,468,파래볶음,37.1,2.296,2.016,5.747,1.386,137.9,0,0.301
469,469,파래전,78.8,1.896,2.012,12.708,0.332,113.2,5.196,0.336
470,470,팔보채,198,27.324,6.38,7.524,4.598,1883.2,112.156,0.858
471,471,팟타이,146,3.98,6.2,18.54,5.41,270,39.68,0.96
472,472,팥죽,324,12.68,0.76,66.64,0.08,508,0,0.28
473,473,표고버섯볶음,17.1,0.999,0.9,3.123,0.36,91.8,0,0.117
474,474,풋고추볶음,70,1.93,3.23,8.25,4.34,276,0,0.58
475,475,풋고추찜,51,2.31,0.99,8.27,1.44,708,0,0.14
476,476,풋마늘무침,26.6,0.917,0.574,5.635,2.639,108.5,0.007,0.098
477,477,하이라이스,403.2,14.472,4.068,76.824,0,885.6,10.188,0.468
478,478,함박스테이크,348,24.2,21.46,14.38,0.12,396,93.46,6.6
479,479,해물덮밥,770,42.07,22.47,100.45,1.19,1806,286.23,5.39
480,480,해물볶음,420,38.2,15.32,32.2,7.4,1756,329.6,2.12
481,481,해물볶음밥,704,25.12,27,90.44,1.24,1076,241.8,5.4
482,482,해물순두부찌개,55.1,7.771,1.615,2.679,1.159,254.6,26.125,0.304
483,483,해물찜,400,42.6,9.8,35.4,5.5,2135,419.15,1.5
484,484,해물칼국수,847,33.99,4.4,161.04,2.42,2772,55.66,1.1
485,485,해물콩나물찜,433.5,59.84,9.435,32.555,6.29,1181.5,340.425,1.7
486,486,해물탕,270,39.78,4.68,16.62,0.78,2046,469.5,0.78
487,487,해물파전,256.5,8.25,12.6,27.435,1.23,450,76.08,1.56
488,488,해신탕,57,7.93,1.88,2.03,0.41,266,51.03,0.38
489,489,햄부침,244,11.3,17.1,11.3,1,716,72.11,4.4
490,490,햄전,168.7,13.678,9.45,5.908,0.882,511.7,78.995,2.457
491,491,햄채소볶음,142.8,13.23,6.363,8.022,4.179,703.5,31.08,1.491
492,492,현미죽,64,1.2,0.4,15.2,0.4,1,0,0.09
493,493,호박볶음,18.9,0.588,0.924,2.471,1.134,163.8,0.917,0.133
494,494,호박전,208.5,6.48,13.095,16.095,2.85,277.5,92.52,2.34
495,495,호박죽,196,7.72,6.84,26.32,14.24,168,0,0.16
496,496,호박찌개,96,5.61,2.61,12.21,5.79,1023,9.27,0.39
497,497,홍어찜,102.5,18,1.35,3.725,0.725,667.5,74.775,0.225
498,498,홍합산적,156.8,17.784,4.8,10.576,3.336,720,60.712,0.832
499,499,홍합탕,29,3.68,0.57,2.28,0,303,25.13,0.14
500,500,화양적,273,13.575,14.775,21.345,1.215,796.5,123.255,3.825
501,501,황태구이,438,47.8,15.4,26.9,14.2,1136,211.58,2.4
502,502,황태콩나물찜,533,66.105,12.935,44.98,11.31,1586,126.295,2.275
503,503,황태해장국,180,24.48,6.78,5.7,1.5,1536,150.3,1.08
504,504,회냉면,114,3.2,1.4,22.2,0,276,0,0
505,505,회덮밥,685,30.2,16.55,103.3,10.95,745,88.65,2.9
506,506,훈제오리,797.5,43.05,64.075,12.075,0.275,1220,171,15.975
507,507,훠궈,93,4.81,5.11,6.83,1.13,390,9.65,0.97
508,508,흑임자죽,244,4.4,18.92,14.56,3,636,0,1.12
509,509,흰죽,53,0.99,0.15,11.45,0,0,0,0.05